name,price,description,imageUrl,category
Baggy Blue Jeans,1872,Comfortable slim fit jeans in blue color.,/assets/jean1.jpg,Jeans
Baggy Blue Jeans 2,1472,Comfortable skinny jeans in blue color.,/assets/jean2.jpg,Jeans
Indigo Tapered Jeans 3,992,Comfortable tapered jeans in indigo color.,/assets/jean3.jpg,Jeans
Indigo Skinny Jeans 4,2233,Comfortable skinny jeans in indigo color.,/assets/jean4.jpg,Jeans
Dark Blue Tapered Jeans 5,2223,Comfortable tapered jeans in dark blue color.,/assets/jean5.jpg,Jeans
Dark Blue Tapered Jeans 6,1225,Comfortable tapered jeans in dark blue color.,/assets/jean6.jpg,Jeans
Blue Slim Fit Jeans 7,1404,Comfortable slim fit jeans in blue color.,/assets/jean7.jpg,Jeans
Indigo Relaxed Jeans 8,1806,Comfortable relaxed jeans in indigo color.,/assets/jean8.jpg,Jeans
Dark Blue Straight Fit Jeans 9,2077,Comfortable straight fit jeans in dark blue color.,/assets/jean9.jpg,Jeans
Blue Baggy Jeans 10,1104,Comfortable regular fit jeans in blue color.,/assets/jean10.jpg,Jeans
Dark Blue Regular Fit Jeans 11,990,Comfortable regular fit jeans in dark blue color.,/assets/jean11.jpg,Jeans
Denim Relaxed Jeans 12,1123,Comfortable relaxed jeans in denim color.,/assets/jean12.jpg,Jeans
Light Blue Relaxed Jeans 13,2355,Comfortable relaxed jeans in light blue color.,/assets/jean13.jpg,Jeans
Blue Straight Fit Jeans 14,2037,Comfortable straight fit jeans in blue color.,/assets/jean14.jpg,Jeans
Dark Blue Tapered Jeans 15,929,Comfortable tapered jeans in dark blue color.,/assets/jean15.jpg,Jeans
Blue Relaxed Jeans 16,1453,Comfortable relaxed jeans in blue color.,/assets/jean16.jpg,Jeans
Indigo Straight Fit Jeans 17,1030,Comfortable straight fit jeans in indigo color.,/assets/jean17.jpg,Jeans
Dark Blue Relaxed Jeans 18,2296,Comfortable relaxed jeans in dark blue color.,/assets/jean18.jpg,Jeans
Blue Skinny Jeans 19,1755,Comfortable skinny jeans in blue color.,/assets/jean19.jpg,Jeans
Blue Slim Fit Jeans 20,2080,Comfortable slim fit jeans in bluecolor.,/assets/jean20.jpg,Jeans
Blue Relaxed Jeans 21,2139,Comfortable relaxed jeans in blue color.,/assets/jean21.jpg,Jeans
Dark Blue Straight Fit Jeans 22,887,Comfortable straight fit jeans in dark blue color.,/assets/jean22.jpg,Jeans
Blue Slim Fit Jeans 23,1943,Comfortable slim fit jeans in blue color.,/assets/jean23.jpg,Jeans
Dark Blue Straight Fit Jeans 24,1238,Comfortable straight fit jeans in dark blue color.,/assets/jean24.jpg,Jeans
Light Blue Tapered Jeans 25,2266,Comfortable tapered jeans in light blue color.,/assets/jean25.jpg,Jeans
Blue Relaxed Jeans 26,1649,Comfortable relaxed jeans in blue color.,/assets/jean26.jpg,Jeans
Indigo Relaxed Jeans 27,1393,Comfortable relaxed jeans in indigo color.,/assets/jean27.jpg,Jeans
Blue Straight Fit Jeans 28,1586,Comfortable straight fit jeans in blue color.,/assets/jean28.jpg,Jeans
Indigo Regular Fit Jeans 29,2317,Comfortable regular fit jeans in indigo color.,/assets/jean29.jpg,Jeans
Light Blue Tapered Jeans 30,1406,Comfortable tapered jeans in light blue color.,/assets/jean30.jpg,Jeans
Dark Blue Skinny Jeans 31,2157,Comfortable skinny jeans in dark blue color.,/assets/jean31.jpg,Jeans
Dark Blue Tapered Jeans 32,2189,Comfortable tapered jeans in dark blue color.,/assets/jean32.jpg,Jeans
Blue Straight Fit Jeans 33,1715,Comfortable straight fit jeans in blue color.,/assets/jean33.jpg,Jeans
Dark Blue Straight Fit Jeans 34,1309,Comfortable straight fit jeans in dark blue color.,/assets/jean34.jpg,Jeans
Blue Tapered Jeans 35,1894,Comfortable tapered jeans in blue color.,/assets/jean35.jpg,Jeans
Blue Slim Fit Jeans 36,1663,Comfortable slim fit jeans in blue color.,/assets/jean36.jpg,Jeans
Blue Relaxed Jeans 37,809,Comfortable relaxed jeans in blue color.,/assets/jean37.jpg,Jeans
Indigo Tapered Jeans 38,2142,Comfortable tapered jeans in indigo color.,/assets/jean38.jpg,Jeans
Blue Straight Fit Jeans 39,1046,Comfortable straight fit jeans in blue color.,/assets/jean39.jpg,Jeans
Blue Skinny Jeans 40,2146,Comfortable skinny jeans in blue color.,/assets/jean40.jpg,Jeans
Light Blue Skinny Jeans 41,2254,Comfortable skinny jeans in light blue color.,/assets/jean1.jpg,Jeans
Pink Regular Fit Jeans 42,1167,Comfortable regular fit jeans in pink color.,/assets/jean41.jpg,Jeans
Light Pink Tapered Jeans 43,2374,Comfortable tapered jeans in light pink color.,/assets/jean42.jpg,Jeans
Pink Slim Fit Jeans 44,1122,Comfortable slim fit jeans in pink color.,/assets/jean43.jpg,Jeans
Light Pink Regular Fit Jeans 45,1285,Comfortable regular fit jeans in light pink color.,/assets/jean44.jpg,Jeans
Pink Regular Fit Jeans 46,2355,Comfortable regular fit jeans in pink color.,/assets/jean45.jpg,Jeans
Black Regular Fit Jeans 47,1698,Comfortable regular fit jeans in black color.,/assets/jean46.jpg,Jeans
Yellow Relaxed Jeans 48,1686,Comfortable relaxed jeans in yellow color.,/assets/jean47.jpg,Jeans
Orange Relaxed Jeans 49,969,Comfortable relaxed jeans in orange color.,/assets/jean48.jpg,Jeans
Yellow Regular Fit Jeans 50,1817,Comfortable regular fit jeans in yellow color.,/assets/jean49.jpg,Jeans
Yellow Regular Fit Jeans 51,1076,Comfortable regular fit jeans in yellow color.,/assets/jean50.jpg,Jeans
Pink Slim Fit Jeans 52,1414,Comfortable slim fit jeans in pink color.,/assets/jean51.jpg,Jeans
Dark Yellow Tapered Jeans 53,1299,Comfortable tapered jeans in dark yellow color.,/assets/jean52.jpg,Jeans
Purple Slim Fit Jeans 54,1061,Comfortable slim fit jeans in purple color.,/assets/jean53.jpg,Jeans
Purple Skinny Jeans 55,1842,Comfortable skinny jeans in purple color.,/assets/jean54.jpg,Jeans
Purple Straight Fit Jeans 56,2006,Comfortable straight fit jeans in purple color.,/assets/jean55.jpg,Jeans
Purple Skinny Jeans 57,1574,Comfortable skinny jeans in purple color.,/assets/jean56.jpg,Jeans
Purple Slim Fit Jeans 58,1784,Comfortable slim fit jeans in purple color.,/assets/jean57.jpg,Jeans
Purple Tapered Jeans 59,828,Comfortable tapered jeans in purple color.,/assets/jean58.jpg,Jeans
Purple Slim Fit Jeans 60,1002,Comfortable slim fit jeans in purple color.,/assets/jean59.jpg,Jeans
Purple Relaxed Jeans 61,1719,Comfortable relaxed jeans in purple color.,/assets/jean60.jpg,Jeans
Green Relaxed Jeans 62,2302,Comfortable relaxed jeans in green color.,/assets/jean61.jpg,Jeans
Light Green Regular Fit Jeans 63,1423,Comfortable regular fit jeans in light green color.,/assets/jean62.jpg,Jeans
Green Slim Fit Jeans 64,1933,Comfortable slim fit jeans in green color.,/assets/jean63.jpg,Jeans
Green Regular Fit Jeans 65,2231,Comfortable regular fit jeans in green color.,/assets/jean64.jpg,Jeans
Green Regular Fit Jeans 66,1777,Comfortable regular fit jeans in green color.,/assets/jean65.jpg,Jeans
Blue Regular Fit Jeans 67,1565,Comfortable slim fit jeans in blue color.,/assets/jean1.jpg,Jeans
Blue Slim Fit Jeans 68,844,Comfortable skinny jeans in blue color.,/assets/jean2.jpg,Jeans
Blue Straight Fit Jeans 69,1022,Comfortable tapered jeans in indigo color.,/assets/jean3.jpg,Jeans
Black Regular Fit Jeans 70,2181,Comfortable skinny jeans in indigo color.,/assets/jean4.jpg,Jeans
Blue Tapered Jeans 71,1536,Comfortable tapered jeans in dark blue color.,/assets/jean5.jpg,Jeans
Black Regular Fit Jeans 72,1738,Comfortable tapered jeans in dark blue color.,/assets/jean6.jpg,Jeans
Indigo Skinny Jeans 73,1138,Comfortable slim fit jeans in blue color.,/assets/jean7.jpg,Jeans
Grey Relaxed Jeans 74,1276,Comfortable relaxed jeans in indigo color.,/assets/jean8.jpg,Jeans
Black Relaxed Jeans 75,1822,Comfortable straight fit jeans in dark blue color.,/assets/jean9.jpg,Jeans
Dark Blue Skinny Jeans 76,811,Comfortable regular fit jeans in blue color.,/assets/jean10.jpg,Jeans
Indigo Regular Fit Jeans 77,1272,Comfortable regular fit jeans in dark blue color.,/assets/jean11.jpg,Jeans
Black Slim Fit Jeans 78,2291,Comfortable relaxed jeans in denim color.,/assets/jean12.jpg,Jeans
Dark Blue Relaxed Jeans 79,1661,Comfortable relaxed jeans in light blue color.,/assets/jean13.jpg,Jeans
Indigo Tapered Jeans 80,2192,Comfortable straight fit jeans in blue color.,/assets/jean14.jpg,Jeans
Dark Blue Slim Fit Jeans 81,1827,Comfortable tapered jeans in dark blue color.,/assets/jean15.jpg,Jeans
Indigo Regular Fit Jeans 82,1765,Comfortable relaxed jeans in blue color.,/assets/jean16.jpg,Jeans
Dark Blue Tapered Jeans 83,1535,Comfortable straight fit jeans in indigo color.,/assets/jean17.jpg,Jeans
Blue Skinny Jeans 84,1574,Comfortable relaxed jeans in dark blue color.,/assets/jean18.jpg,Jeans
Black Tapered Jeans 85,1912,Comfortable skinny jeans in blue color.,/assets/jean19.jpg,Jeans
Grey Tapered Jeans 86,2485,Comfortable slim fit jeans in bluecolor.,/assets/jean20.jpg,Jeans
Indigo Straight Fit Jeans 87,1388,Comfortable relaxed jeans in blue color.,/assets/jean21.jpg,Jeans
Indigo Skinny Jeans 88,1956,Comfortable straight fit jeans in dark blue color.,/assets/jean22.jpg,Jeans
Black Regular Fit Jeans 89,1527,Comfortable slim fit jeans in blue color.,/assets/jean23.jpg,Jeans
Grey Tapered Jeans 90,2315,Comfortable straight fit jeans in dark blue color.,/assets/jean24.jpg,Jeans
Dark Blue Slim Fit Jeans 91,2260,Comfortable tapered jeans in light blue color.,/assets/jean25.jpg,Jeans
Dark Blue Tapered Jeans 92,963,Comfortable relaxed jeans in blue color.,/assets/jean26.jpg,Jeans
Grey Straight Fit Jeans 93,863,Comfortable relaxed jeans in indigo color.,/assets/jean27.jpg,Jeans
Dark Blue Straight Fit Jeans 94,2177,Comfortable straight fit jeans in blue color.,/assets/jean28.jpg,Jeans
Light Blue Tapered Jeans 95,1915,Comfortable regular fit jeans in indigo color.,/assets/jean29.jpg,Jeans
Black Relaxed Jeans 96,991,Comfortable tapered jeans in light blue color.,/assets/jean30.jpg,Jeans
Light Blue Relaxed Jeans 97,1480,Comfortable skinny jeans in dark blue color.,/assets/jean31.jpg,Jeans
Light Blue Skinny Jeans 98,2282,Comfortable tapered jeans in dark blue color.,/assets/jean32.jpg,Jeans
Indigo Straight Fit Jeans 99,1157,Comfortable straight fit jeans in blue color.,/assets/jean33.jpg,Jeans
Indigo Straight Fit Jeans 100,2479,Comfortable straight fit jeans in dark blue color.,/assets/jean34.jpg,Jeans
Blue Skinny Jeans 101,1440,Comfortable tapered jeans in blue color.,/assets/jean35.jpg,Jeans
Dark Blue Skinny Jeans 102,1018,Comfortable slim fit jeans in blue color.,/assets/jean36.jpg,Jeans
Blue Skinny Jeans 103,2270,Comfortable relaxed jeans in blue color.,/assets/jean37.jpg,Jeans
Light Blue Straight Fit Jeans 104,1162,Comfortable tapered jeans in indigo color.,/assets/jean38.jpg,Jeans
Indigo Regular Fit Jeans 105,1113,Comfortable straight fit jeans in blue color.,/assets/jean39.jpg,Jeans
Light Blue Regular Fit Jeans 106,2432,Comfortable skinny jeans in blue color.,/assets/jean40.jpg,Jeans
Dark Blue Tapered Jeans 107,1231,Comfortable tapered jeans in dark blue color.,/assets/jean40.jpg,Jeans
Pink Slim Fit Jeans 108,1091,Comfortable slim fit jeans in pink color.,/assets/jean41.jpg,Jeans
Pink Straight Fit Jeans 109,893,Comfortable straight fit jeans in pink color.,/assets/jean42.jpg,Jeans
Dark Pink Tapered Jeans 110,895,Comfortable tapered jeans in dark pink color.,/assets/jean43.jpg,Jeans
Pink Skinny Jeans 111,2139,Comfortable skinny jeans in pink color.,/assets/jean44.jpg,Jeans
Dark Pink Relaxed Jeans 112,944,Comfortable relaxed jeans in dark pink color.,/assets/jean45.jpg,Jeans
Dark Blue Relaxed Jeans 113,1885,Comfortable relaxed jeans in dark blue color.,/assets/jean46.jpg,Jeans
Yellow Skinny Jeans 114,2062,Comfortable skinny jeans in yellow color.,/assets/jean47.jpg,Jeans
Orange Straight Fit Jeans 115,1352,Comfortable straight fit jeans in orange color.,/assets/jean48.jpg,Jeans
Light Yellow Straight Fit Jeans 116,1078,Comfortable straight fit jeans in light yellow color.,/assets/jean49.jpg,Jeans
Yellow Straight Fit Jeans 117,868,Comfortable straight fit jeans in yellow color.,/assets/jean50.jpg,Jeans
Pink Relaxed Jeans 118,1253,Comfortable relaxed jeans in pink color.,/assets/jean51.jpg,Jeans
Light Yellow Slim Fit Jeans 119,1074,Comfortable slim fit jeans in light yellow color.,/assets/jean52.jpg,Jeans
Light Purple  Regular Fit Jeans 120,2096,Comfortable regular fit jeans in light purple color.,/assets/jean53.jpg,Jeans
Purple Regular Fit Jeans 121,1125,Comfortable regular fit jeans in purple color.,/assets/jean54.jpg,Jeans
Purple Straight Fit Jeans 122,1260,Comfortable straight fit jeans in purple color.,/assets/jean55.jpg,Jeans
Purple Relaxed Jeans 123,1752,Comfortable relaxed jeans in purple color.,/assets/jean56.jpg,Jeans
Dark Purple Regular Fit Jeans 124,1349,Comfortable regular fit jeans in purple color.,/assets/jean57.jpg,Jeans
Purple Straight Fit Jeans 125,2393,Comfortable straight fit jeans in purple color.,/assets/jean58.jpg,Jeans
Purple Skinny Jeans 126,1842,Comfortable skinny jeans in purple color.,/assets/jean59.jpg,Jeans
Light Purple Tapered Jeans 127,2186,Comfortable tapered jeans in purple color.,/assets/jean60.jpg,Jeans
Green Slim Fit Jeans 128,1932,Comfortable slim fit jeans in green color.,/assets/jean61.jpg,Jeans
Green Regular Fit Jeans 129,1730,Comfortable regular fit jeans in green color.,/assets/jean62.jpg,Jeans
Green Regular Fit Jeans 130,1921,Comfortable regular fit jeans in green color.,/assets/jean63.jpg,Jeans
Green Relaxed Jeans 131,1240,Comfortable relaxed jeans in green color.,/assets/jean64.jpg,Jeans
Green Slim Fit Jeans 132,1711,Comfortable slim fit jeans in green color.,/assets/jean65.jpg,Jeans
Blue Tapered Jeans 133,2309,Comfortable tapered jeans in blue color.,/assets/jean1.jpg,Jeans
Indigo Skinny Jeans 134,1055,Comfortable skinny jeans in indigo color.,/assets/jean2.jpg,Jeans
Blue Tapered Jeans 135,884,Comfortable tapered jeans in blue color.,/assets/jean3.jpg,Jeans
Light Blue Straight Fit Jeans 136,1258,Comfortable straight fit jeans in light blue color.,/assets/jean4.jpg,Jeans
Blue Straight Fit Jeans 137,1546,Comfortable straight fit jeans in blue color.,/assets/jean5.jpg,Jeans
Light Blue Slim Fit Jeans 138,1184,Comfortable slim fit jeans in light blue color.,/assets/jean6.jpg,Jeans
Blue Regular Fit Jeans 139,1387,Comfortable regular fit jeans in blue color.,/assets/jean7.jpg,Jeans
Indigo Skinny Jeans 140,920,Comfortable skinny jeans in indigo color.,/assets/jean8.jpg,Jeans
Light Blue Regular Fit Jeans 141,2331,Comfortable regular fit jeans in light blue color.,/assets/jean9.jpg,Jeans
Indigo Relaxed Jeans 142,2057,Comfortable relaxed jeans in indigo color.,/assets/jean10.jpg,Jeans
Dark Blue Tapered Jeans 143,2376,Comfortable tapered jeans in dark blue color.,/assets/jean11.jpg,Jeans
Blue Skinny Jeans 144,1312,Comfortable skinny jeans in blue color.,/assets/jean12.jpg,Jeans
Light Blue Slim Fit Jeans 145,866,Comfortable slim fit jeans in light blue color.,/assets/jean13.jpg,Jeans
Indigo Skinny Jeans 146,1554,Comfortable skinny jeans in indigo color.,/assets/jean14.jpg,Jeans
Black Regular Fit Jeans 147,1828,Comfortable regular fit jeans in black color.,/assets/jean15.jpg,Jeans
Indigo Regular Fit Jeans 148,2215,Comfortable regular fit jeans in indigo color.,/assets/jean16.jpg,Jeans
Blue Relaxed Jeans 149,2448,Comfortable relaxed jeans in blue color.,/assets/jean17.jpg,Jeans
Light Blue Straight Fit Jeans 150,1164,Comfortable straight fit jeans in light blue color.,/assets/jean18.jpg,Jeans
Blue Slim Fit Jeans 151,2084,Comfortable slim fit jeans in blue color.,/assets/jean19.jpg,Jeans
Blue Relaxed Jeans 152,2416,Comfortable relaxed jeans in blue color.,/assets/jean20.jpg,Jeans
Blue Straight Fit Jeans 153,2051,Comfortable straight fit jeans in blue color.,/assets/jean21.jpg,Jeans
Black Slim Fit Jeans 154,815,Comfortable slim fit jeans in black color.,/assets/jean22.jpg,Jeans
Indigo Skinny Jeans 155,1722,Comfortable skinny jeans in indigo color.,/assets/jean23.jpg,Jeans
Indigo Straight Fit Jeans 156,1693,Comfortable straight fit jeans in indigo color.,/assets/jean24.jpg,Jeans
Blue Skinny Jeans 157,1987,Comfortable skinny jeans in blue color.,/assets/jean25.jpg,Jeans
Blue Tapered Jeans 158,1013,Comfortable tapered jeans in blue color.,/assets/jean26.jpg,Jeans
Indigo Straight Fit Jeans 159,2107,Comfortable straight fit jeans in indigo color.,/assets/jean27.jpg,Jeans
Black Regular Fit Jeans 160,1697,Comfortable regular fit jeans in black color.,/assets/jean28.jpg,Jeans
Blue Tapered Jeans 161,905,Comfortable tapered jeans in blue color.,/assets/jean29.jpg,Jeans
Blue Tapered Jeans 162,2224,Comfortable tapered jeans in blue color.,/assets/jean30.jpg,Jeans
Black Tapered Jeans 163,2107,Comfortable tapered jeans in black color.,/assets/jean31.jpg,Jeans
Grey Slim Fit Jeans 164,1216,Comfortable slim fit jeans in grey color.,/assets/jean32.jpg,Jeans
Blue Straight Fit Jeans 165,2119,Comfortable straight fit jeans in blue color.,/assets/jean33.jpg,Jeans
Black Relaxed Jeans 166,2120,Comfortable relaxed jeans in black color.,/assets/jean34.jpg,Jeans
Dark Blue Slim Fit Jeans 167,1816,Comfortable slim fit jeans in dark blue color.,/assets/jean35.jpg,Jeans
Dark Blue Tapered Jeans 168,2341,Comfortable tapered jeans in dark blue color.,/assets/jean36.jpg,Jeans
Black Skinny Jeans 169,899,Comfortable skinny jeans in black color.,/assets/jean37.jpg,Jeans
Black Relaxed Jeans 170,967,Comfortable relaxed jeans in black color.,/assets/jean38.jpg,Jeans
Grey Tapered Jeans 171,2500,Comfortable tapered jeans in grey color.,/assets/jean39.jpg,Jeans
Dark Blue Straight Fit Jeans 172,2454,Comfortable straight fit jeans in dark blue color.,/assets/jean1.jpg,Jeans
Black Slim Fit Jeans 173,1232,Comfortable slim fit jeans in black color.,/assets/jean40.jpg,Jeans
Light Pink Skinny Jeans 174,1357,Comfortable skinny jeans in light pink color.,/assets/jean41.jpg,Jeans
Pink Slim Fit Jeans 175,1954,Comfortable slim fit jeans in pink color.,/assets/jean42.jpg,Jeans
Pink Tapered Jeans 176,2249,Comfortable tapered jeans in pink color.,/assets/jean43.jpg,Jeans
Dark Pink Regular Fit Jeans 177,1123,Comfortable regular fit jeans in dark pink color.,/assets/jean44.jpg,Jeans
Pink Tapered Jeans 178,1615,Comfortable tapered jeans in pink color.,/assets/jean45.jpg,Jeans
Light Blue Slim Fit Jeans 179,871,Comfortable slim fit jeans in light blue color.,/assets/jean46.jpg,Jeans
Yellow Regular Fit Jeans 180,1167,Comfortable regular fit jeans in yellow color.,/assets/jean47.jpg,Jeans
Light Orange Tapered Jeans 181,1557,Comfortable tapered jeans in light orange color.,/assets/jean48.jpg,Jeans
Yellow Tapered Jeans 182,2059,Comfortable tapered jeans in yellow color.,/assets/jean49.jpg,Jeans
Yellow Skinny Jeans 183,1495,Comfortable skinny jeans in yellow color.,/assets/jean50.jpg,Jeans
Pink Slim Fit Jeans 184,2023,Comfortable slim fit jeans in pink color.,/assets/jean51.jpg,Jeans
Yellow Skinny Jeans 185,1227,Comfortable skinny jeans in yellow color.,/assets/jean52.jpg,Jeans
Dark Purple Relaxed Jeans 186,1484,Comfortable relaxed jeans in dark purple color.,/assets/jean53.jpg,Jeans
Purple Slim Fit Jeans 187,838,Comfortable slim fit jeans in purple color.,/assets/jean54.jpg,Jeans
Purple Tapered Jeans 188,2181,Comfortable tapered jeans in purple color.,/assets/jean55.jpg,Jeans
Light Purple Tapered Jeans 189,2226,Comfortable tapered jeans in light purple color.,/assets/jean56.jpg,Jeans
Purple Straight Fit Jeans 190,1247,Comfortable straight fit jeans in purple color.,/assets/jean57.jpg,Jeans
Purple Straight Fit Jeans 191,2276,Comfortable straight fit jeans in purple color.,/assets/jean58.jpg,Jeans
Purple Tapered Jeans 192,2337,Comfortable tapered jeans in purple color.,/assets/jean59.jpg,Jeans
Purple Skinny Jeans 193,1855,Comfortable skinny jeans in purple color.,/assets/jean60.jpg,Jeans
Green Regular Fit Jeans 194,1224,Comfortable regular fit jeans in green color.,/assets/jean61.jpg,Jeans
Green Tapered Jeans 195,1946,Comfortable tapered jeans in green color.,/assets/jean62.jpg,Jeans
Green Slim Fit Jeans 196,1361,Comfortable slim fit jeans in green color.,/assets/jean63.jpg,Jeans
Green Tapered Jeans 197,2488,Comfortable tapered jeans in green color.,/assets/jean64.jpg,Jeans
Light Green Tapered Jeans 198,2368,Comfortable tapered jeans in light green color.,/assets/jean65.jpg,Jeans
Black Straight Fit Jeans 199,1510,Comfortable straight fit jeans in black color.,/assets/jean1.jpg,Jeans
Blue Slim Fit Jeans 200,811,Comfortable slim fit jeans in blue color.,/assets/jean2.jpg,Jeans
Indigo Relaxed Jeans 201,1394,Comfortable relaxed jeans in indigo color.,/assets/jean3.jpg,Jeans
Grey Slim Fit Jeans 202,1098,Comfortable slim fit jeans in grey color.,/assets/jean4.jpg,Jeans
Light Blue Straight Fit Jeans 203,1412,Comfortable straight fit jeans in light blue color.,/assets/jean5.jpg,Jeans
Black Tapered Jeans 204,1452,Comfortable tapered jeans in black color.,/assets/jean6.jpg,Jeans
Blue Slim Fit Jeans 205,1543,Comfortable slim fit jeans in blue color.,/assets/jean7.jpg,Jeans
Light Blue Slim Fit Jeans 206,1253,Comfortable slim fit jeans in light blue color.,/assets/jean8.jpg,Jeans
Indigo Tapered Jeans 207,1553,Comfortable tapered jeans in indigo color.,/assets/jean9.jpg,Jeans
Indigo Straight Fit Jeans 208,2251,Comfortable straight fit jeans in indigo color.,/assets/jean10.jpg,Jeans
Indigo Skinny Jeans 209,2114,Comfortable skinny jeans in indigo color.,/assets/jean11.jpg,Jeans
Grey Regular Fit Jeans 210,1142,Comfortable regular fit jeans in grey color.,/assets/jean12.jpg,Jeans
Grey Skinny Jeans 211,2162,Comfortable skinny jeans in grey color.,/assets/jean13.jpg,Jeans
Blue Relaxed Jeans 212,830,Comfortable relaxed jeans in blue color.,/assets/jean14.jpg,Jeans
Blue Relaxed Jeans 213,1597,Comfortable relaxed jeans in blue color.,/assets/jean15.jpg,Jeans
Light Blue Slim Fit Jeans 214,1023,Comfortable slim fit jeans in light blue color.,/assets/jean16.jpg,Jeans
Light Blue Tapered Jeans 215,1831,Comfortable tapered jeans in light blue color.,/assets/jean17.jpg,Jeans
Black Slim Fit Jeans 216,2354,Comfortable slim fit jeans in black color.,/assets/jean18.jpg,Jeans
Black Skinny Jeans 217,1179,Comfortable skinny jeans in black color.,/assets/jean19.jpg,Jeans
Black Relaxed Jeans 218,1685,Comfortable relaxed jeans in black color.,/assets/jean20.jpg,Jeans
Grey Straight Fit Jeans 219,1681,Comfortable straight fit jeans in grey color.,/assets/jean21.jpg,Jeans
Black Tapered Jeans 220,1150,Comfortable tapered jeans in black color.,/assets/jean22.jpg,Jeans
Black Regular Fit Jeans 221,1341,Comfortable regular fit jeans in black color.,/assets/jean23.jpg,Jeans
Black Regular Fit Jeans 222,1308,Comfortable regular fit jeans in black color.,/assets/jean24.jpg,Jeans
Black Regular Fit Jeans 223,1218,Comfortable regular fit jeans in black color.,/assets/jean25.jpg,Jeans
Grey Slim Fit Jeans 224,2357,Comfortable slim fit jeans in grey color.,/assets/jean26.jpg,Jeans
Black Slim Fit Jeans 225,2239,Comfortable slim fit jeans in black color.,/assets/jean27.jpg,Jeans
Light Blue Relaxed Jeans 226,1126,Comfortable relaxed jeans in light blue color.,/assets/jean28.jpg,Jeans
Grey Tapered Jeans 227,902,Comfortable tapered jeans in grey color.,/assets/jean29.jpg,Jeans
Grey Slim Fit Jeans 228,1872,Comfortable slim fit jeans in grey color.,/assets/jean30.jpg,Jeans
Black Regular Fit Jeans 229,2062,Comfortable regular fit jeans in black color.,/assets/jean31.jpg,Jeans
Indigo Relaxed Jeans 230,2114,Comfortable relaxed jeans in indigo color.,/assets/jean32.jpg,Jeans
Black Tapered Jeans 231,2498,Comfortable tapered jeans in black color.,/assets/jean33.jpg,Jeans
Indigo Skinny Jeans 232,1226,Comfortable skinny jeans in indigo color.,/assets/jean34.jpg,Jeans
Blue Tapered Jeans 233,1956,Comfortable tapered jeans in blue color.,/assets/jean35.jpg,Jeans
Black Relaxed Jeans 234,1857,Comfortable relaxed jeans in black color.,/assets/jean36.jpg,Jeans
Indigo Slim Fit Jeans 235,1056,Comfortable slim fit jeans in indigo color.,/assets/jean37.jpg,Jeans
Indigo Relaxed Jeans 236,967,Comfortable relaxed jeans in indigo color.,/assets/jean38.jpg,Jeans
Light Blue Tapered Jeans 237,2217,Comfortable tapered jeans in light blue color.,/assets/jean39.jpg,Jeans
Blue Regular Fit Jeans 238,1830,Comfortable regular fit jeans in blue color.,/assets/jean1.jpg,Jeans
Dark Blue Skinny Jeans 239,1951,Comfortable skinny jeans in dark blue color.,/assets/jean40.jpg,Jeans
Pink Straight Fit Jeans 240,1959,Comfortable straight fit jeans in pink color.,/assets/jean41.jpg,Jeans
Dark Pink Regular Fit Jeans 241,1632,Comfortable regular fit jeans in dark pink color.,/assets/jean42.jpg,Jeans
Light Pink Slim Fit Jeans 242,2342,Comfortable slim fit jeans in light pink color.,/assets/jean43.jpg,Jeans
Pink Tapered Jeans 243,877,Comfortable tapered jeans in pink color.,/assets/jean44.jpg,Jeans
Pink  Relaxed Jeans 244,1737,Comfortable relaxed jeans in pink color.,/assets/jean45.jpg,Jeans
Black Regular Fit Jeans 245,2430,Comfortable regular fit jeans in black color.,/assets/jean46.jpg,Jeans
Yellow Regular Fit Jeans 246,2137,Comfortable regular fit jeans in yelllow color.,/assets/jean47.jpg,Jeans
Orange Regular Fit Jeans 247,2134,Comfortable regular fit jeans in orange color.,/assets/jean48.jpg,Jeans
Yellow Straight Fit Jeans 248,1712,Comfortable straight fit jeans in yellow color.,/assets/jean49.jpg,Jeans
Yellow Regular Fit Jeans 249,1378,Comfortable regular fit jeans in yellow color.,/assets/jean50.jpg,Jeans
Pink Skinny Jeans 250,1219,Comfortable skinny jeans in pink color.,/assets/jean51.jpg,Jeans
Yellow Slim Fit Jeans 251,1089,Comfortable slim fit jeans in yellow color.,/assets/jean52.jpg,Jeans
Purple Skinny Jeans 252,1431,Comfortable skinny jeans in purple color.,/assets/jean53.jpg,Jeans
Purple Straight Fit Jeans 253,1395,Comfortable straight fit jeans in purple color.,/assets/jean54.jpg,Jeans
Purple Relaxed Jeans 254,1810,Comfortable relaxed jeans in purple color.,/assets/jean55.jpg,Jeans
Purple Blue Relaxed Jeans 255,1289,Comfortable relaxed jeans in light purple color.,/assets/jean56.jpg,Jeans
Purple Tapered Jeans 256,1397,Comfortable tapered jeans in purple color.,/assets/jean57.jpg,Jeans
Purple Tapered Jeans 257,2210,Comfortable tapered jeans in purple color.,/assets/jean58.jpg,Jeans
Purple Slim Fit Jeans 258,948,Comfortable slim fit jeans in purple color.,/assets/jean59.jpg,Jeans
Purple Straight Fit Jeans 259,1210,Comfortable straight fit jeans in purple color.,/assets/jean60.jpg,Jeans
Green Regular Fit Jeans 260,1526,Comfortable regular fit jeans in green color.,/assets/jean61.jpg,Jeans
Green Relaxed Jeans 261,2480,Comfortable relaxed jeans in green color.,/assets/jean62.jpg,Jeans
Light Green Slim Fit Jeans 262,2371,Comfortable slim fit jeans in light green color.,/assets/jean63.jpg,Jeans
Green Slim Fit Jeans 263,945,Comfortable slim fit jeans in green color.,/assets/jean64.jpg,Jeans
Light Green Regular Fit Jeans 264,1556,Comfortable regular fit jeans in light green color.,/assets/jean65.jpg,Jeans
Indigo Slim Fit Jeans 265,832,Comfortable slim fit jeans in blue color.,/assets/jean1.jpg,Jeans
Blue Slim Fit Jeans 266,1655,Comfortable skinny jeans in blue color.,/assets/jean2.jpg,Jeans
Dark Blue Relaxed Jeans 267,999,Comfortable tapered jeans in indigo color.,/assets/jean3.jpg,Jeans
Blue Relaxed Jeans 268,981,Comfortable skinny jeans in indigo color.,/assets/jean4.jpg,Jeans
Dark Blue Regular Fit Jeans 269,1702,Comfortable tapered jeans in dark blue color.,/assets/jean5.jpg,Jeans
Black Tapered Jeans 270,2290,Comfortable tapered jeans in dark blue color.,/assets/jean6.jpg,Jeans
Indigo Skinny Jeans 271,2135,Comfortable slim fit jeans in blue color.,/assets/jean7.jpg,Jeans
Blue Regular Fit Jeans 272,2155,Comfortable relaxed jeans in indigo color.,/assets/jean8.jpg,Jeans
Light Blue Straight Fit Jeans 273,1089,Comfortable straight fit jeans in dark blue color.,/assets/jean9.jpg,Jeans
Indigo Slim Fit Jeans 274,1355,Comfortable regular fit jeans in blue color.,/assets/jean10.jpg,Jeans
Black Slim Fit Jeans 275,2077,Comfortable regular fit jeans in dark blue color.,/assets/jean11.jpg,Jeans
Blue Relaxed Jeans 276,1181,Comfortable relaxed jeans in denim color.,/assets/jean12.jpg,Jeans
Grey Regular Fit Jeans 277,2339,Comfortable relaxed jeans in light blue color.,/assets/jean13.jpg,Jeans
Black Skinny Jeans 278,1906,Comfortable straight fit jeans in blue color.,/assets/jean14.jpg,Jeans
Blue Tapered Jeans 279,1154,Comfortable tapered jeans in dark blue color.,/assets/jean15.jpg,Jeans
Blue Skinny Jeans 280,2099,Comfortable relaxed jeans in blue color.,/assets/jean16.jpg,Jeans
Black Skinny Jeans 281,1185,Comfortable straight fit jeans in indigo color.,/assets/jean17.jpg,Jeans
Indigo Relaxed Jeans 282,1332,Comfortable relaxed jeans in dark blue color.,/assets/jean18.jpg,Jeans
Black Tapered Jeans 283,1152,Comfortable skinny jeans in blue color.,/assets/jean19.jpg,Jeans
Blue Skinny Jeans 284,1832,Comfortable slim fit jeans in bluecolor.,/assets/jean20.jpg,Jeans
Indigo Regular Fit Jeans 285,2202,Comfortable relaxed jeans in blue color.,/assets/jean21.jpg,Jeans
Blue Relaxed Jeans 286,2300,Comfortable straight fit jeans in dark blue color.,/assets/jean22.jpg,Jeans
Indigo Skinny Jeans 287,1533,Comfortable slim fit jeans in blue color.,/assets/jean23.jpg,Jeans
Light Blue Tapered Jeans 288,2404,Comfortable straight fit jeans in dark blue color.,/assets/jean24.jpg,Jeans
Grey Slim Fit Jeans 289,2162,Comfortable tapered jeans in light blue color.,/assets/jean25.jpg,Jeans
Indigo Slim Fit Jeans 290,1476,Comfortable relaxed jeans in blue color.,/assets/jean26.jpg,Jeans
Grey Skinny Jeans 291,988,Comfortable relaxed jeans in indigo color.,/assets/jean27.jpg,Jeans
Black Regular Fit Jeans 292,2154,Comfortable straight fit jeans in blue color.,/assets/jean28.jpg,Jeans
Indigo Regular Fit Jeans 293,1956,Comfortable regular fit jeans in indigo color.,/assets/jean29.jpg,Jeans
Dark Blue Straight Fit Jeans 294,1552,Comfortable tapered jeans in light blue color.,/assets/jean30.jpg,Jeans
Blue Straight Fit Jeans 295,2345,Comfortable skinny jeans in dark blue color.,/assets/jean31.jpg,Jeans
Dark Blue Tapered Jeans 296,2387,Comfortable tapered jeans in dark blue color.,/assets/jean32.jpg,Jeans
Dark Blue Slim Fit Jeans 297,1010,Comfortable straight fit jeans in blue color.,/assets/jean33.jpg,Jeans
Grey Skinny Jeans 298,909,Comfortable straight fit jeans in dark blue color.,/assets/jean34.jpg,Jeans
Grey Skinny Jeans 299,1096,Comfortable tapered jeans in blue color.,/assets/jean35.jpg,Jeans
Light Blue Slim Fit Jeans 300,810,Comfortable slim fit jeans in blue color.,/assets/jean36.jpg,Jeans
Indigo Skinny Jeans 301,2304,Comfortable relaxed jeans in blue color.,/assets/jean37.jpg,Jeans
Light Blue Regular Fit Jeans 302,1686,Comfortable tapered jeans in indigo color.,/assets/jean38.jpg,Jeans
Black Relaxed Jeans 303,1493,Comfortable straight fit jeans in blue color.,/assets/jean39.jpg,Jeans
Blue Straight Fit Jeans 304,2044,Comfortable skinny jeans in blue color.,/assets/jean40.jpg,Jeans
Light Blue Slim Fit Jeans 305,1452,Comfortable slim fit jeans in light blue color.,/assets/jean40.jpg,Jeans
Pink Skinny Jeans 306,2392,Comfortable skinny jeans in pink color.,/assets/jean41.jpg,Jeans
Pink Skinny Jeans 307,2259,Comfortable skinny jeans in pink color.,/assets/jean42.jpg,Jeans
Pink Slim Fit Jeans 308,1501,Comfortable slim fit jeans in pink color.,/assets/jean43.jpg,Jeans
Pink Slim Fit Jeans 309,1362,Comfortable slim fit jeans in pink color.,/assets/jean44.jpg,Jeans
Pink Relaxed Jeans 310,1756,Comfortable relaxed jeans in pink color.,/assets/jean45.jpg,Jeans
Indigo Relaxed Jeans 311,1771,Comfortable relaxed jeans in blue color.,/assets/jean46.jpg,Jeans
Yellow Tapered Jeans 312,1106,Comfortable tapered jeans in yellow color.,/assets/jean47.jpg,Jeans
Orange Slim Fit Jeans 313,1066,Comfortable slim fit jeans in orange color.,/assets/jean48.jpg,Jeans
Yellow Skinny Jeans 314,1044,Comfortable skinny jeans in yellow color.,/assets/jean49.jpg,Jeans
Yellow Tapered Jeans 315,1406,Comfortable tapered jeans in yellow color.,/assets/jean50.jpg,Jeans
Light Pink Regular Fit Jeans 316,2388,Comfortable regular fit jeans in light pink color.,/assets/jean51.jpg,Jeans
Yellow Skinny Jeans 317,1063,Comfortable skinny jeans in yellow color.,/assets/jean52.jpg,Jeans
Purple Relaxed Jeans 318,1872,Comfortable relaxed jeans in purple color.,/assets/jean53.jpg,Jeans
Purple Straight Fit Jeans 319,1140,Comfortable straight fit jeans in purple color.,/assets/jean54.jpg,Jeans
Light Purple Straight Fit Jeans 320,1621,Comfortable straight fit jeans in light purple color.,/assets/jean55.jpg,Jeans
Purple Skinny Jeans 321,1523,Comfortable skinny jeans in purple color.,/assets/jean56.jpg,Jeans
Purple Relaxed Jeans 322,1655,Comfortable relaxed jeans in purple color.,/assets/jean57.jpg,Jeans
Purple Relaxed Jeans 323,1245,Comfortable relaxed jeans in purple color.,/assets/jean58.jpg,Jeans
Dark Purple Slim Fit Jeans 324,1647,Comfortable slim fit jeans in dark purple color.,/assets/jean59.jpg,Jeans
Purple Slim Fit Jeans 325,2453,Comfortable slim fit jeans in purple color.,/assets/jean60.jpg,Jeans
Green Straight Fit Jeans 326,2406,Comfortable straight fit jeans in green color.,/assets/jean61.jpg,Jeans
Light Green Relaxed Jeans 327,2306,Comfortable relaxed jeans in light green color.,/assets/jean62.jpg,Jeans
Green Relaxed Jeans 328,1626,Comfortable relaxed jeans in green color.,/assets/jean63.jpg,Jeans
Green Skinny Jeans 329,1975,Comfortable skinny jeans in green color.,/assets/jean64.jpg,Jeans
Dark Green Relaxed Jeans 330,1005,Comfortable relaxed jeans in dark green color.,/assets/jean65.jpg,Jeans
Dark Blue Straight Fit Jeans 331,1754,Comfortable straight fit jeans in dark blue color.,/assets/jean1.jpg,Jeans
Blue Tapered Jeans 332,2241,Comfortable tapered jeans in blue color.,/assets/jean2.jpg,Jeans
Light Blue Straight Fit Jeans 333,1671,Comfortable straight fit jeans in light blue color.,/assets/jean3.jpg,Jeans
Grey Tapered Jeans 334,2391,Comfortable tapered jeans in grey color.,/assets/jean4.jpg,Jeans
Blue Regular Fit Jeans 335,1451,Comfortable regular fit jeans in blue color.,/assets/jean5.jpg,Jeans
Blue Regular Fit Jeans 336,951,Comfortable regular fit jeans in blue color.,/assets/jean6.jpg,Jeans
Blue Tapered Jeans 337,1059,Comfortable tapered jeans in blue color.,/assets/jean7.jpg,Jeans
Blue Tapered Jeans 338,1779,Comfortable tapered jeans in blue color.,/assets/jean8.jpg,Jeans
Light Blue Tapered Jeans 339,1755,Comfortable tapered jeans in light blue color.,/assets/jean9.jpg,Jeans
Dark Blue Regular Fit Jeans 340,2095,Comfortable regular fit jeans in dark blue color.,/assets/jean10.jpg,Jeans
Blue Slim Fit Jeans 341,1431,Comfortable slim fit jeans in blue color.,/assets/jean11.jpg,Jeans
Indigo Regular Fit Jeans 342,1260,Comfortable regular fit jeans in indigo color.,/assets/jean12.jpg,Jeans
Black Tapered Jeans 343,2329,Comfortable tapered jeans in black color.,/assets/jean13.jpg,Jeans
Black Regular Fit Jeans 344,1871,Comfortable regular fit jeans in black color.,/assets/jean14.jpg,Jeans
Grey Tapered Jeans 345,2216,Comfortable tapered jeans in grey color.,/assets/jean15.jpg,Jeans
Grey Slim Fit Jeans 346,1175,Comfortable slim fit jeans in grey color.,/assets/jean16.jpg,Jeans
Dark Blue Skinny Jeans 347,2412,Comfortable skinny jeans in dark blue color.,/assets/jean17.jpg,Jeans
Black Slim Fit Jeans 348,2419,Comfortable slim fit jeans in black color.,/assets/jean18.jpg,Jeans
Indigo Slim Fit Jeans 349,1115,Comfortable slim fit jeans in indigo color.,/assets/jean19.jpg,Jeans
Grey Straight Fit Jeans 350,945,Comfortable straight fit jeans in grey color.,/assets/jean20.jpg,Jeans
Blue Straight Fit Jeans 351,1252,Comfortable straight fit jeans in blue color.,/assets/jean21.jpg,Jeans
Dark Blue Slim Fit Jeans 352,2050,Comfortable slim fit jeans in dark blue color.,/assets/jean22.jpg,Jeans
Dark Blue Skinny Jeans 353,1737,Comfortable skinny jeans in dark blue color.,/assets/jean23.jpg,Jeans
Black Relaxed Jeans 354,853,Comfortable relaxed jeans in black color.,/assets/jean24.jpg,Jeans
Grey Skinny Jeans 355,2421,Comfortable skinny jeans in grey color.,/assets/jean25.jpg,Jeans
Indigo Skinny Jeans 356,982,Comfortable skinny jeans in indigo color.,/assets/jean26.jpg,Jeans
Blue Skinny Jeans 357,1474,Comfortable skinny jeans in blue color.,/assets/jean27.jpg,Jeans
Black Straight Fit Jeans 358,1873,Comfortable straight fit jeans in black color.,/assets/jean28.jpg,Jeans
Black Regular Fit Jeans 359,1895,Comfortable regular fit jeans in black color.,/assets/jean29.jpg,Jeans
Dark Blue Skinny Jeans 360,1396,Comfortable skinny jeans in dark blue color.,/assets/jean30.jpg,Jeans
Light Blue Tapered Jeans 361,1725,Comfortable tapered jeans in light blue color.,/assets/jean31.jpg,Jeans
Dark Blue Relaxed Jeans 362,1235,Comfortable relaxed jeans in dark blue color.,/assets/jean32.jpg,Jeans
Grey Skinny Jeans 363,1401,Comfortable skinny jeans in grey color.,/assets/jean33.jpg,Jeans
Light Blue Skinny Jeans 364,1198,Comfortable skinny jeans in light blue color.,/assets/jean34.jpg,Jeans
Black Tapered Jeans 365,1715,Comfortable tapered jeans in black color.,/assets/jean35.jpg,Jeans
Blue Straight Fit Jeans 366,2231,Comfortable straight fit jeans in blue color.,/assets/jean36.jpg,Jeans
Dark Blue Straight Fit Jeans 367,2082,Comfortable straight fit jeans in dark blue color.,/assets/jean37.jpg,Jeans
Blue Straight Fit Jeans 368,819,Comfortable straight fit jeans in blue color.,/assets/jean38.jpg,Jeans
Grey Relaxed Jeans 369,1871,Comfortable relaxed jeans in grey color.,/assets/jean39.jpg,Jeans
Indigo Skinny Jeans 370,1811,Comfortable skinny jeans in indigo color.,/assets/jean1.jpg,Jeans
Dark Blue Tapered Jeans 371,1988,Comfortable tapered jeans in dark blue color.,/assets/jean40.jpg,Jeans
Pink Straight Fit Jeans 372,1293,Comfortable straight fit jeans in pink color.,/assets/jean41.jpg,Jeans
Pink Tapered Jeans 373,1923,Comfortable tapered jeans in pink color.,/assets/jean42.jpg,Jeans
Pink Tapered Jeans 374,1722,Comfortable tapered jeans in pink color.,/assets/jean43.jpg,Jeans
Pink Regular Fit Jeans 375,828,Comfortable regular fit jeans in pink color.,/assets/jean44.jpg,Jeans
Pink Skinny Jeans 376,2224,Comfortable skinny jeans in  pink color.,/assets/jean45.jpg,Jeans
Indigo Slim Fit Jeans 377,1021,Comfortable slim fit jeans in indigo color.,/assets/jean46.jpg,Jeans
Yellow Tapered Jeans 378,1848,Comfortable tapered jeans in yellow color.,/assets/jean47.jpg,Jeans
Orange Skinny Jeans 379,1715,Comfortable skinny jeans in orange color.,/assets/jean48.jpg,Jeans
Yellow Regular Fit Jeans 380,1395,Comfortable regular fit jeans in yellow color.,/assets/jean49.jpg,Jeans
Yellow Skinny Jeans 381,2018,Comfortable skinny jeans in yellow color.,/assets/jean50.jpg,Jeans
Pink Regular Fit Jeans 382,926,Comfortable regular fit jeans in pink color.,/assets/jean51.jpg,Jeans
Yellow Relaxed Jeans 383,1233,Comfortable relaxed jeans in yellow color.,/assets/jean52.jpg,Jeans
Dark Purple Regular Fit Jeans 384,1337,Comfortable regular fit jeans in dark purple color.,/assets/jean53.jpg,Jeans
Light Purple Tapered Jeans 385,1165,Comfortable tapered jeans in light purple color.,/assets/jean54.jpg,Jeans
Purple Regular Fit Jeans 386,1620,Comfortable regular fit jeans in purple color.,/assets/jean55.jpg,Jeans
Purple Tapered Jeans 387,1774,Comfortable tapered jeans in purple color.,/assets/jean56.jpg,Jeans
Purple Slim Fit Jeans 388,2241,Comfortable slim fit jeans in purple color.,/assets/jean57.jpg,Jeans
Purple Tapered Jeans 389,2095,Comfortable tapered jeans in purple color.,/assets/jean58.jpg,Jeans
Purple Skinny Jeans 390,2290,Comfortable skinny jeans in purple color.,/assets/jean59.jpg,Jeans
Dark Purple Regular Fit Jeans 391,1638,Comfortable regular fit jeans in dark purple color.,/assets/jean60.jpg,Jeans
Green relaxed Jeans 392,1840,Comfortable relaxed jeans in dark green color.,/assets/jean61.jpg,Jeans
Light Green Regular Fit Jeans 393,1547,Comfortable regular fit jeans in light green color.,/assets/jean62.jpg,Jeans
GreenTapered Jeans 394,1000,Comfortable tapered jeans in green color.,/assets/jean63.jpg,Jeans
Dark Green Relaxed Jeans 395,2315,Comfortable relaxed jeans in dark green color.,/assets/jean64.jpg,Jeans
Green Skinny Jeans 396,1245,Comfortable skinny jeans in green color.,/assets/jean65.jpg,Jeans
Indigo Tapered Jeans 397,2385,Comfortable tapered jeans in indigo color.,/assets/jean1.jpg,Jeans
Black Relaxed Jeans 398,1335,Comfortable relaxed jeans in black color.,/assets/jean2.jpg,Jeans
Light Blue Tapered Jeans 399,1699,Comfortable tapered jeans in light blue color.,/assets/jean3.jpg,Jeans
Blue Slim Fit Jeans 400,1005,Comfortable slim fit jeans in blue color.,/assets/jean4.jpg,Jeans
Dark Blue Straight Fit Jeans 401,832,Comfortable straight fit jeans in dark blue color.,/assets/jean5.jpg,Jeans
Blue Relaxed Jeans 402,2319,Comfortable relaxed jeans in blue color.,/assets/jean6.jpg,Jeans
Light Blue Slim Fit Jeans 403,1576,Comfortable slim fit jeans in light blue color.,/assets/jean7.jpg,Jeans
Black Straight Fit Jeans 404,1630,Comfortable straight fit jeans in black color.,/assets/jean8.jpg,Jeans
Dark Blue Slim Fit Jeans 405,1355,Comfortable slim fit jeans in dark blue color.,/assets/jean9.jpg,Jeans
Black Slim Fit Jeans 406,940,Comfortable slim fit jeans in black color.,/assets/jean10.jpg,Jeans
Grey Straight Fit Jeans 407,1696,Comfortable straight fit jeans in grey color.,/assets/jean11.jpg,Jeans
Blue Skinny Jeans 408,1375,Comfortable skinny jeans in blue color.,/assets/jean12.jpg,Jeans
Black Regular Fit Jeans 409,1479,Comfortable regular fit jeans in black color.,/assets/jean13.jpg,Jeans
Blue Straight Fit Jeans 410,1321,Comfortable straight fit jeans in blue color.,/assets/jean14.jpg,Jeans
Black Regular Fit Jeans 411,1999,Comfortable regular fit jeans in black color.,/assets/jean15.jpg,Jeans
Grey Relaxed Jeans 412,1599,Comfortable relaxed jeans in grey color.,/assets/jean16.jpg,Jeans
Black Relaxed Jeans 413,1676,Comfortable relaxed jeans in black color.,/assets/jean17.jpg,Jeans
Grey Relaxed Jeans 414,1631,Comfortable relaxed jeans in grey color.,/assets/jean18.jpg,Jeans
Grey Skinny Jeans 415,1661,Comfortable skinny jeans in grey color.,/assets/jean19.jpg,Jeans
Dark Blue Slim Fit Jeans 416,1857,Comfortable slim fit jeans in dark blue color.,/assets/jean20.jpg,Jeans
Blue Skinny Jeans 417,1966,Comfortable skinny jeans in blue color.,/assets/jean21.jpg,Jeans
Dark Blue Straight Fit Jeans 418,1036,Comfortable straight fit jeans in dark blue color.,/assets/jean22.jpg,Jeans
Blue Tapered Jeans 419,1882,Comfortable tapered jeans in blue color.,/assets/jean23.jpg,Jeans
Blue Slim Fit Jeans 420,2247,Comfortable slim fit jeans in blue color.,/assets/jean24.jpg,Jeans
Dark Blue Slim Fit Jeans 421,1511,Comfortable slim fit jeans in dark blue color.,/assets/jean25.jpg,Jeans
Black Skinny Jeans 422,891,Comfortable skinny jeans in black color.,/assets/jean26.jpg,Jeans
Light Blue Relaxed Jeans 423,2403,Comfortable relaxed jeans in light blue color.,/assets/jean27.jpg,Jeans
Blue Regular Fit Jeans 424,1932,Comfortable regular fit jeans in blue color.,/assets/jean28.jpg,Jeans
Blue Tapered Jeans 425,1755,Comfortable tapered jeans in blue color.,/assets/jean29.jpg,Jeans
Blue Straight Fit Jeans 426,1266,Comfortable straight fit jeans in blue color.,/assets/jean30.jpg,Jeans
Indigo Slim Fit Jeans 427,1546,Comfortable slim fit jeans in indigo color.,/assets/jean31.jpg,Jeans
Light Blue Straight Fit Jeans 428,2128,Comfortable straight fit jeans in light blue color.,/assets/jean32.jpg,Jeans
Dark Blue Tapered Jeans 429,1447,Comfortable tapered jeans in dark blue color.,/assets/jean33.jpg,Jeans
Indigo Slim Fit Jeans 430,2484,Comfortable slim fit jeans in indigo color.,/assets/jean34.jpg,Jeans
Blue Slim Fit Jeans 431,801,Comfortable slim fit jeans in blue color.,/assets/jean35.jpg,Jeans
Indigo Straight Fit Jeans 432,1437,Comfortable straight fit jeans in indigo color.,/assets/jean36.jpg,Jeans
Light Blue Regular Fit Jeans 433,1002,Comfortable regular fit jeans in light blue color.,/assets/jean37.jpg,Jeans
Grey Tapered Jeans 434,871,Comfortable tapered jeans in grey color.,/assets/jean38.jpg,Jeans
Indigo Regular Fit Jeans 435,1733,Comfortable regular fit jeans in indigo color.,/assets/jean39.jpg,Jeans
Light Blue Relaxed Jeans 436,983,Comfortable relaxed jeans in light blue color.,/assets/jean1.jpg,Jeans
Black Straight Fit Jeans 437,962,Comfortable straight fit jeans in black color.,/assets/jean40.jpg,Jeans
Pink Tapered Jeans 438,1738,Comfortable tapered jeans in pink color.,/assets/jean41.jpg,Jeans
Pink Regular Fit Jeans 439,1843,Comfortable regular fit jeans in pink color.,/assets/jean42.jpg,Jeans
Pink Skinny Jeans 440,811,Comfortable skinny jeans in pink color.,/assets/jean43.jpg,Jeans
Pink Skinny Jeans 441,1958,Comfortable skinny jeans in pink color.,/assets/jean44.jpg,Jeans
Pink Regular Fit Jeans 442,1669,Comfortable regular fit jeans in pink color.,/assets/jean45.jpg,Jeans
Indigo Regular Fit Jeans 443,1698,Comfortable regular fit jeans in indigo color.,/assets/jean46.jpg,Jeans
Light Yellow Slim Fit Jeans 444,2291,Comfortable slim fit jeans in light yellow color.,/assets/jean47.jpg,Jeans
Orange Straight Fit Jeans 445,1863,Comfortable straight fit jeans in orange color.,/assets/jean48.jpg,Jeans
Yellow Relaxed Jeans 446,1499,Comfortable relaxed jeans in yellow color.,/assets/jean49.jpg,Jeans
Yellow Slim Fit Jeans 447,1482,Comfortable slim fit jeans in yellow color.,/assets/jean50.jpg,Jeans
Pink  Straight Fit Jeans 448,2069,Comfortable straight fit jeans in pink color.,/assets/jean51.jpg,Jeans
Yellow Regular Fit Jeans 449,2313,Comfortable regular fit jeans in yellow color.,/assets/jean52.jpg,Jeans
Light Purple Skinny Jeans 450,981,Comfortable skinny jeans in light purple color.,/assets/jean53.jpg,Jeans
Purple Tapered Jeans 451,2213,Comfortable tapered jeans in purple color.,/assets/jean54.jpg,Jeans
Dark Purple Tapered Jeans 452,2278,Comfortable tapered jeans in dark purple color.,/assets/jean55.jpg,Jeans
Purple Relaxed Jeans 453,838,Comfortable relaxed jeans in purple color.,/assets/jean56.jpg,Jeans
Purple Regular Fit Jeans 454,1385,Comfortable regular fit jeans in purple color.,/assets/jean57.jpg,Jeans
Purple Straight Fit Jeans 455,1093,Comfortable straight fit jeans in purple color.,/assets/jean58.jpg,Jeans
Purple Skinny Jeans 456,1589,Comfortable skinny jeans in purple color.,/assets/jean59.jpg,Jeans
Dark Purple Skinny Jeans 457,2247,Comfortable skinny jeans in dark purple color.,/assets/jean60.jpg,Jeans
Green Regular Fit Jeans 458,2487,Comfortable regular fit jeans in green color.,/assets/jean61.jpg,Jeans
Light green Straight Fit Jeans 459,2379,Comfortable straight fit jeans in light green color.,/assets/jean62.jpg,Jeans
Green Relaxed Jeans 460,1752,Comfortable relaxed jeans in green color.,/assets/jean63.jpg,Jeans
Green Relaxed Jeans 461,2127,Comfortable relaxed jeans in green color.,/assets/jean64.jpg,Jeans
Green Skinny Jeans 462,1215,Comfortable skinny jeans in light green color.,/assets/jean65.jpg,Jeans
Indigo Skinny Jeans 463,2447,Comfortable skinny jeans in indigo color.,/assets/jean1.jpg,Jeans
Blue Slim Fit Jeans 464,1582,Comfortable slim fit jeans in blue color.,/assets/jean2.jpg,Jeans
Light Blue Skinny Jeans 465,2355,Comfortable skinny jeans in light blue color.,/assets/jean3.jpg,Jeans
Blue Slim Fit Jeans 466,1931,Comfortable slim fit jeans in blue color.,/assets/jean4.jpg,Jeans
Grey Tapered Jeans 467,977,Comfortable tapered jeans in grey color.,/assets/jean5.jpg,Jeans
Indigo Tapered Jeans 468,1740,Comfortable tapered jeans in indigo color.,/assets/jean6.jpg,Jeans
Dark Blue Slim Fit Jeans 469,2193,Comfortable slim fit jeans in dark blue color.,/assets/jean7.jpg,Jeans
Dark Blue Straight Fit Jeans 470,2298,Comfortable straight fit jeans in dark blue color.,/assets/jean8.jpg,Jeans
Blue Relaxed Jeans 471,2277,Comfortable relaxed jeans in blue color.,/assets/jean9.jpg,Jeans
Grey Relaxed Jeans 472,1394,Comfortable relaxed jeans in grey color.,/assets/jean10.jpg,Jeans
Black Relaxed Jeans 473,1345,Comfortable relaxed jeans in black color.,/assets/jean11.jpg,Jeans
Grey Tapered Jeans 474,2040,Comfortable tapered jeans in grey color.,/assets/jean12.jpg,Jeans
Black Relaxed Jeans 475,1840,Comfortable relaxed jeans in black color.,/assets/jean13.jpg,Jeans
Light Blue Straight Fit Jeans 476,1127,Comfortable straight fit jeans in light blue color.,/assets/jean14.jpg,Jeans
Blue Tapered Jeans 477,1305,Comfortable tapered jeans in blue color.,/assets/jean15.jpg,Jeans
Black Tapered Jeans 478,929,Comfortable tapered jeans in black color.,/assets/jean16.jpg,Jeans
Grey Tapered Jeans 479,2315,Comfortable tapered jeans in grey color.,/assets/jean17.jpg,Jeans
Blue Straight Fit Jeans 480,906,Comfortable straight fit jeans in blue color.,/assets/jean18.jpg,Jeans
Indigo Regular Fit Jeans 481,1846,Comfortable regular fit jeans in indigo color.,/assets/jean19.jpg,Jeans
Black Tapered Jeans 482,1732,Comfortable tapered jeans in black color.,/assets/jean20.jpg,Jeans
Grey Slim Fit Jeans 483,2472,Comfortable slim fit jeans in grey color.,/assets/jean21.jpg,Jeans
Indigo Slim Fit Jeans 484,827,Comfortable slim fit jeans in indigo color.,/assets/jean22.jpg,Jeans
Light Blue Skinny Jeans 485,1173,Comfortable skinny jeans in light blue color.,/assets/jean23.jpg,Jeans
Indigo Regular Fit Jeans 486,1626,Comfortable regular fit jeans in indigo color.,/assets/jean24.jpg,Jeans
Indigo Skinny Jeans 487,1273,Comfortable skinny jeans in indigo color.,/assets/jean25.jpg,Jeans
Blue Tapered Jeans 488,2262,Comfortable tapered jeans in blue color.,/assets/jean26.jpg,Jeans
Grey Regular Fit Jeans 489,1212,Comfortable regular fit jeans in grey color.,/assets/jean27.jpg,Jeans
Dark Blue Skinny Jeans 490,1317,Comfortable skinny jeans in dark blue color.,/assets/jean28.jpg,Jeans
Grey Regular Fit Jeans 491,1051,Comfortable regular fit jeans in grey color.,/assets/jean29.jpg,Jeans
Dark Blue Relaxed Jeans 492,1562,Comfortable relaxed jeans in dark blue color.,/assets/jean30.jpg,Jeans
Grey Tapered Jeans 493,1444,Comfortable tapered jeans in grey color.,/assets/jean31.jpg,Jeans
Indigo Regular Fit Jeans 494,1308,Comfortable regular fit jeans in indigo color.,/assets/jean32.jpg,Jeans
Light Blue Straight Fit Jeans 495,998,Comfortable straight fit jeans in light blue color.,/assets/jean33.jpg,Jeans
Indigo Relaxed Jeans 496,2322,Comfortable relaxed jeans in indigo color.,/assets/jean34.jpg,Jeans
Blue Tapered Jeans 497,1081,Comfortable tapered jeans in blue color.,/assets/jean35.jpg,Jeans
Blue Regular Fit Jeans 498,2401,Comfortable regular fit jeans in blue color.,/assets/jean36.jpg,Jeans
Blue Regular Fit Jeans 499,1461,Comfortable regular fit jeans in blue color.,/assets/jean37.jpg,Jeans
Light Blue Regular Fit Jeans 500,1496,Comfortable regular fit jeans in light blue color.,/assets/jean38.jpg,Jeans
